deal_id,account_id,owner_id,deal_name,deal_type,stage,amount,probability,forecast_category,close_date,created_date,stage_entered_at,last_activity_date,next_step,next_step_due_date,competitor,source,win_loss_reason
DL-4001,ACC-1042,USR-3005,Astral Media - Upsell,Upsell,Stage 5 - Closed Won,124000,100,Closed,2025-11-09,2025-08-06,2025-10-01,2025-10-05,,,,Outbound,Executive sponsor championed the rollout
DL-4002,ACC-1043,USR-3006,Summit Financial - Upsell,Upsell,Stage 5 - Closed Won,385000,100,Closed,2025-11-27,2025-08-24,2025-10-26,2025-11-05,,,,Outbound,Fastest time to value in evaluation
DL-4003,ACC-1044,USR-3007,Vector Biotech - New Logo,New Logo,Stage 5 - Closed Won,204000,100,Closed,2026-01-14,2025-08-03,2025-12-15,2025-12-18,,,Clari,Inbound,Fastest time to value in evaluation
DL-4004,ACC-1045,USR-3009,Eclipse Systems - New Logo,New Logo,Stage 5 - Closed Won,163000,100,Closed,2025-10-01,2025-08-01,2025-09-07,2025-09-19,,,Incumbent CRM,Inbound,Consolidated three point tools
DL-4005,ACC-1046,USR-3010,Matrix Logistics - New Logo,New Logo,Stage 5 - Closed Won,179000,100,Closed,2025-12-13,2025-08-08,2025-12-02,2025-12-23,,,Clari,Marketing,Consolidated three point tools
DL-4006,ACC-1047,USR-3011,Northwind Foods - New Logo,New Logo,Stage 5 - Closed Won,575000,100,Closed,2025-12-14,2025-08-28,2025-11-29,2025-12-04,,,Gong,Marketing,Signal-to-action workflow beat incumbent
DL-4007,ACC-1048,USR-3009,Ironclad Insurance - Upsell,Upsell,Stage 5 - Closed Won,303000,100,Closed,2025-12-30,2025-08-28,2025-11-25,2025-11-28,,,In-house build,Partner,Fastest time to value in evaluation
DL-4008,ACC-1049,USR-3013,Silverline Telecom - Upsell,Upsell,Stage 5 - Closed Lost,36000,0,Omitted,2025-10-23,2025-08-21,2025-09-16,2025-09-19,,,Incumbent CRM,Partner,Lost to incumbent CRM add-on
DL-4009,ACC-1050,USR-3012,Redwood Capital - New Logo,New Logo,Stage 5 - Closed Won,453000,100,Closed,2025-11-21,2025-08-13,2025-10-24,2025-11-03,,,In-house build,Marketing,Fastest time to value in evaluation
DL-4010,ACC-1051,USR-3002,Bluepeak Software - New Logo,New Logo,Stage 5 - Closed Lost,56000,0,Omitted,2025-10-22,2025-08-28,2025-09-29,2025-10-22,,,Incumbent CRM,Inbound,Lost to incumbent CRM add-on
DL-4011,ACC-1052,USR-3009,Granite Utilities - Renewal,Renewal,Stage 5 - Closed Won,393000,100,Closed,2025-12-04,2025-08-09,2025-11-08,2025-12-01,,,In-house build,Expansion,Executive sponsor championed the rollout
DL-4012,ACC-1053,USR-3006,Meridian Health - New Logo,New Logo,Stage 5 - Closed Won,73000,100,Closed,2026-01-21,2025-08-12,2025-12-14,2025-12-24,,,In-house build,Expansion,Forecast accuracy proof-of-value landed
DL-4013,ACC-1054,USR-3007,Copperfield Retail - New Logo,New Logo,Stage 5 - Closed Won,164000,100,Closed,2025-11-20,2025-08-15,2025-11-12,2025-12-04,,,,Marketing,Consolidated three point tools
DL-4014,ACC-1055,USR-3009,Lakeshore Manufacturing - Renewal,Renewal,Stage 5 - Closed Lost,56000,0,Omitted,2026-02-05,2025-08-24,2025-12-28,2026-01-08,,,Incumbent CRM,Inbound,Budget frozen for the fiscal year
DL-4015,ACC-1056,USR-3010,Ridgeline Data - Renewal,Renewal,Stage 5 - Closed Lost,124000,0,Omitted,2026-01-21,2025-09-21,2025-12-18,2025-12-23,,,Incumbent CRM,Expansion,Champion left mid-cycle
DL-4016,ACC-1057,USR-3011,Foxglove Labs - New Logo,New Logo,Stage 5 - Closed Won,564000,100,Closed,2025-12-10,2025-09-28,2025-12-04,2025-12-23,,,In-house build,Inbound,Signal-to-action workflow beat incumbent
DL-4017,ACC-1058,USR-3012,Harborview Energy - Renewal,Renewal,Stage 5 - Closed Won,23000,100,Closed,2026-01-07,2025-09-06,2025-12-13,2025-12-25,,,Gong,Inbound,Consolidated three point tools
DL-4018,ACC-1059,USR-3013,Stonebridge Bank - Renewal,Renewal,Stage 5 - Closed Lost,21000,0,Omitted,2026-03-02,2025-09-22,2026-01-25,2026-02-15,,,Incumbent CRM,Marketing,Deprioritized after reorg
DL-4019,ACC-1060,USR-3001,Wavelength Media - New Logo,New Logo,Stage 5 - Closed Won,264000,100,Closed,2025-11-26,2025-09-15,2025-11-20,2025-12-10,,,Clari,Expansion,Executive sponsor championed the rollout
DL-4020,ACC-1001,USR-3002,Apex Logistics - Renewal,Renewal,Stage 5 - Closed Won,16000,100,Closed,2026-03-01,2025-09-17,2026-02-09,2026-02-12,,,People.ai,Marketing,Forecast accuracy proof-of-value landed
DL-4021,ACC-1002,USR-3009,Vortex Analytics - New Logo,New Logo,Stage 5 - Closed Won,120000,100,Closed,2026-02-01,2025-09-03,2026-01-03,2026-01-28,,,Incumbent CRM,Marketing,Fastest time to value in evaluation
DL-4022,ACC-1003,USR-3006,CloudScale Systems - Upsell,Upsell,Stage 5 - Closed Lost,248000,0,Omitted,2025-11-03,2025-09-12,2025-09-26,2025-10-02,,,,Outbound,Deprioritized after reorg
DL-4023,ACC-1004,USR-3007,BioHealth Labs - Upsell,Upsell,Stage 5 - Closed Won,156000,100,Closed,2026-02-12,2025-09-17,2026-01-30,2026-02-12,,,,Outbound,Fastest time to value in evaluation
DL-4024,ACC-1005,USR-3009,OmniRetail Group - Upsell,Upsell,Stage 5 - Closed Won,464000,100,Closed,2026-01-19,2025-09-21,2026-01-13,2026-02-01,,,Gong,Partner,Fastest time to value in evaluation
DL-4025,ACC-1006,USR-3010,CyberGuard Networks - Renewal,Renewal,Stage 5 - Closed Lost,33000,0,Omitted,2025-12-27,2025-09-02,2025-12-07,2025-12-10,,,People.ai,Expansion,Deprioritized after reorg
DL-4026,ACC-1007,USR-3011,DataPulse AI - Upsell,Upsell,Stage 5 - Closed Won,281000,100,Closed,2026-01-10,2025-09-01,2025-12-17,2025-12-25,,,Incumbent CRM,Marketing,Executive sponsor championed the rollout
DL-4027,ACC-1008,USR-3012,Nexus Financial - Renewal,Renewal,Stage 5 - Closed Lost,84000,0,Omitted,2025-11-23,2025-09-12,2025-11-20,2025-11-21,,,In-house build,Outbound,Deprioritized after reorg
DL-4028,ACC-1009,USR-3005,Strata Energy - Renewal,Renewal,Stage 5 - Closed Won,163000,100,Closed,2025-11-19,2025-09-14,2025-10-30,2025-10-30,,,Gong,Inbound,Consolidated three point tools
DL-4029,ACC-1010,USR-3001,Fintech Dynamics - New Logo,New Logo,Stage 5 - Closed Lost,42000,0,Omitted,2025-12-07,2025-10-15,2025-11-15,2025-11-19,,,People.ai,Inbound,Champion left mid-cycle
DL-4030,ACC-1011,USR-3002,Quantum Edge - New Logo,New Logo,Stage 5 - Closed Won,183000,100,Closed,2026-01-24,2025-10-14,2026-01-04,2026-01-06,,,Clari,Partner,Consolidated three point tools
DL-4031,ACC-1012,USR-3005,Synergy Media - New Logo,New Logo,Stage 5 - Closed Lost,170000,0,Omitted,2026-02-25,2025-10-22,2026-02-11,2026-02-16,,,In-house build,Marketing,Budget frozen for the fiscal year
DL-4032,ACC-1013,USR-3006,Astra Manufacturing - New Logo,New Logo,Stage 5 - Closed Won,463000,100,Closed,2025-11-28,2025-10-05,2025-11-06,2025-11-16,,,Gong,Outbound,Executive sponsor championed the rollout
DL-4033,ACC-1014,USR-3007,Velocity Cloud - New Logo,New Logo,Stage 5 - Closed Lost,214000,0,Omitted,2026-01-12,2025-10-20,2025-12-29,2025-12-31,,,Clari,Marketing,Deprioritized after reorg
DL-4034,ACC-1015,USR-3009,Horizon Ventures - Upsell,Upsell,Stage 5 - Closed Won,200000,100,Closed,2026-01-04,2025-10-19,2025-12-24,2025-12-24,,,Incumbent CRM,Marketing,Signal-to-action workflow beat incumbent
DL-4035,ACC-1016,USR-3010,Pinnacle Software - Upsell,Upsell,Stage 5 - Closed Won,229000,100,Closed,2025-12-10,2025-10-13,2025-12-04,2025-12-15,,,People.ai,Outbound,Forecast accuracy proof-of-value landed
DL-4036,ACC-1017,USR-3011,Aether Digital - New Logo,New Logo,Stage 5 - Closed Lost,130000,0,Omitted,2026-01-18,2025-10-06,2025-12-17,2026-01-10,,,In-house build,Outbound,Lost to incumbent CRM add-on
DL-4037,ACC-1018,USR-3012,Lumina Health - New Logo,New Logo,Stage 5 - Closed Lost,114000,0,Omitted,2025-12-05,2025-10-14,2025-12-02,2025-12-06,,,Clari,Marketing,No executive sponsor identified
DL-4038,ACC-1019,USR-3013,Crest Solutions - New Logo,New Logo,Stage 5 - Closed Won,125000,100,Closed,2026-01-26,2025-10-15,2026-01-20,2026-02-02,,,In-house build,Partner,Consolidated three point tools
DL-4039,ACC-1020,USR-3001,Trident Corp - New Logo,New Logo,Stage 5 - Closed Won,444000,100,Closed,2026-01-06,2025-10-23,2025-12-20,2026-01-13,,,Gong,Inbound,Fastest time to value in evaluation
DL-4040,ACC-1021,USR-3002,Beacon Utilities - Upsell,Upsell,Stage 5 - Closed Won,124000,100,Closed,2025-12-31,2025-10-07,2025-12-06,2025-12-22,,,,Marketing,Consolidated three point tools
DL-4041,ACC-1022,USR-3005,Core Networks - Upsell,Upsell,Stage 5 - Closed Lost,78000,0,Omitted,2026-03-14,2025-10-07,2026-02-14,2026-03-08,,,Clari,Marketing,Lost to incumbent CRM add-on
DL-4042,ACC-1023,USR-3006,Echelon Labs - Upsell,Upsell,Stage 5 - Closed Won,164000,100,Closed,2025-11-28,2025-10-08,2025-11-24,2025-12-10,,,In-house build,Partner,Forecast accuracy proof-of-value landed
DL-4043,ACC-1024,USR-3007,Zenith Retail - New Logo,New Logo,Stage 5 - Closed Won,548000,100,Closed,2026-03-06,2025-11-03,2026-02-19,2026-02-23,,,Gong,Partner,Forecast accuracy proof-of-value landed
DL-4044,ACC-1025,USR-3009,Kinetix Robotics - New Logo,New Logo,Stage 5 - Closed Won,50000,100,Closed,2026-01-04,2025-11-12,2025-12-11,2025-12-26,,,Incumbent CRM,Expansion,Consolidated three point tools
DL-4045,ACC-1026,USR-3010,Optima Insurance - New Logo,New Logo,Stage 5 - Closed Lost,37000,0,Omitted,2026-01-24,2025-11-28,2025-12-18,2026-01-07,,,Gong,Expansion,Champion left mid-cycle
DL-4046,ACC-1027,USR-3011,Veritas Data - Renewal,Renewal,Stage 5 - Closed Lost,54000,0,Omitted,2026-01-29,2025-11-01,2026-01-04,2026-01-14,,,Clari,Inbound,No executive sponsor identified
DL-4047,ACC-1028,USR-3001,Vanguard Payments - Upsell,Upsell,Stage 5 - Closed Lost,101000,0,Omitted,2026-04-20,2025-11-26,2026-03-18,2026-04-12,,,,Inbound,No executive sponsor identified
DL-4048,ACC-1029,USR-3013,Solstice Energy - Renewal,Renewal,Stage 5 - Closed Won,95000,100,Closed,2026-02-18,2025-11-15,2026-01-20,2026-02-01,,,Incumbent CRM,Expansion,Forecast accuracy proof-of-value landed
DL-4049,ACC-1030,USR-3001,Infini Telecom - New Logo,New Logo,Stage 5 - Closed Won,70000,100,Closed,2026-04-22,2025-11-23,2026-03-19,2026-03-31,,,Incumbent CRM,Outbound,Signal-to-action workflow beat incumbent
DL-4050,ACC-1031,USR-3002,Pulse Diagnostics - Upsell,Upsell,Stage 5 - Closed Won,285000,100,Closed,2026-04-06,2025-11-28,2026-03-22,2026-04-03,,,Incumbent CRM,Outbound,Fastest time to value in evaluation
DL-4051,ACC-1032,USR-3005,Titan Industrial - Renewal,Renewal,Stage 5 - Closed Won,65000,100,Closed,2026-03-23,2025-11-04,2026-03-19,2026-03-24,,,Gong,Inbound,Signal-to-action workflow beat incumbent
DL-4052,ACC-1033,USR-3006,Prism Analytics - Renewal,Renewal,Stage 5 - Closed Won,165000,100,Closed,2026-01-31,2025-11-15,2026-01-26,2026-02-11,,,Incumbent CRM,Marketing,Consolidated three point tools
DL-4053,ACC-1034,USR-3007,Cobalt Mining - New Logo,New Logo,Stage 5 - Closed Lost,26000,0,Omitted,2026-01-21,2025-11-27,2025-12-28,2026-01-03,,,Incumbent CRM,Marketing,Budget frozen for the fiscal year
DL-4054,ACC-1035,USR-3009,Sentry Security - New Logo,New Logo,Stage 5 - Closed Won,30000,100,Closed,2026-05-10,2025-11-27,2026-04-11,2026-04-12,,,People.ai,Marketing,Fastest time to value in evaluation
DL-4055,ACC-1036,USR-3011,Helios Power - New Logo,New Logo,Stage 5 - Closed Lost,62000,0,Omitted,2026-04-08,2025-11-25,2026-03-19,2026-04-01,,,,Partner,No executive sponsor identified
DL-4056,ACC-1037,USR-3011,Fortress Bank - Renewal,Renewal,Stage 5 - Closed Won,46000,100,Closed,2026-02-13,2025-11-02,2026-01-25,2026-02-08,,,Clari,Outbound,Consolidated three point tools
DL-4057,ACC-1038,USR-3012,Clarity Health - New Logo,New Logo,Stage 5 - Closed Won,29000,100,Closed,2026-04-13,2025-12-17,2026-03-25,2026-04-16,,,In-house build,Marketing,Forecast accuracy proof-of-value landed
DL-4058,ACC-1039,USR-3009,Nouveau Retail - Renewal,Renewal,Stage 5 - Closed Lost,39000,0,Omitted,2026-04-13,2025-12-16,2026-04-02,2026-04-03,,,People.ai,Expansion,Champion left mid-cycle
DL-4059,ACC-1040,USR-3001,Orion Aerospace - New Logo,New Logo,Stage 5 - Closed Won,170000,100,Closed,2026-05-16,2025-12-18,2026-04-09,2026-04-15,,,In-house build,Partner,Executive sponsor championed the rollout
DL-4060,ACC-1041,USR-3002,Hyperion Cloud - New Logo,New Logo,Stage 5 - Closed Won,55000,100,Closed,2026-02-23,2025-12-14,2026-01-31,2026-02-05,,,People.ai,Partner,Forecast accuracy proof-of-value landed
DL-4061,ACC-1042,USR-3005,Astral Media - Renewal,Renewal,Stage 5 - Closed Won,97000,100,Closed,2026-03-14,2025-12-07,2026-02-28,2026-03-24,,,Clari,Outbound,Consolidated three point tools
DL-4062,ACC-1043,USR-3006,Summit Financial - Upsell,Upsell,Stage 5 - Closed Won,136000,100,Closed,2026-02-20,2025-12-27,2026-02-07,2026-02-12,,,Gong,Outbound,Consolidated three point tools
DL-4063,ACC-1044,USR-3007,Vector Biotech - Renewal,Renewal,Stage 5 - Closed Lost,121000,0,Omitted,2026-04-20,2025-12-13,2026-04-10,2026-04-15,,,,Outbound,No executive sponsor identified
DL-4064,ACC-1045,USR-3009,Eclipse Systems - New Logo,New Logo,Stage 5 - Closed Won,49000,100,Closed,2026-02-23,2025-12-16,2026-01-24,2026-02-13,,,Gong,Inbound,Consolidated three point tools
DL-4065,ACC-1046,USR-3010,Matrix Logistics - New Logo,New Logo,Stage 5 - Closed Won,177000,100,Closed,2026-05-22,2025-12-21,2026-05-14,2026-06-07,,,Clari,Inbound,Fastest time to value in evaluation
DL-4066,ACC-1047,USR-3007,Northwind Foods - New Logo,New Logo,Stage 5 - Closed Lost,160000,0,Omitted,2026-03-01,2025-12-13,2026-02-04,2026-02-16,,,In-house build,Outbound,No executive sponsor identified
DL-4067,ACC-1048,USR-3012,Ironclad Insurance - Renewal,Renewal,Stage 5 - Closed Lost,302000,0,Omitted,2026-06-05,2025-12-25,2026-05-22,2026-05-31,,,Gong,Inbound,Champion left mid-cycle
DL-4068,ACC-1049,USR-3013,Silverline Telecom - Renewal,Renewal,Stage 5 - Closed Won,52000,100,Closed,2026-01-30,2025-12-07,2026-01-16,2026-01-18,,,Clari,Marketing,Signal-to-action workflow beat incumbent
DL-4069,ACC-1050,USR-3012,Redwood Capital - New Logo,New Logo,Stage 5 - Closed Lost,598000,0,Omitted,2026-02-27,2025-12-08,2026-02-22,2026-03-15,,,Incumbent CRM,Partner,No executive sponsor identified
DL-4070,ACC-1051,USR-3002,Bluepeak Software - New Logo,New Logo,Stage 5 - Closed Lost,50000,0,Omitted,2026-03-13,2025-12-22,2026-02-13,2026-03-01,,,Gong,Expansion,Champion left mid-cycle
DL-4071,ACC-1052,USR-3010,Granite Utilities - Upsell,Upsell,Stage 5 - Closed Lost,512000,0,Omitted,2026-02-26,2026-01-05,2026-02-04,2026-02-15,,,Incumbent CRM,Partner,Lost to incumbent CRM add-on
DL-4072,ACC-1053,USR-3006,Meridian Health - Renewal,Renewal,Stage 5 - Closed Lost,169000,0,Omitted,2026-04-02,2026-01-13,2026-03-29,2026-03-31,,,Incumbent CRM,Partner,Champion left mid-cycle
DL-4073,ACC-1054,USR-3007,Copperfield Retail - New Logo,New Logo,Stage 5 - Closed Won,162000,100,Closed,2026-06-24,2026-01-28,2026-05-25,2026-05-30,,,Incumbent CRM,Marketing,Fastest time to value in evaluation
DL-4074,ACC-1055,USR-3009,Lakeshore Manufacturing - Upsell,Upsell,Stage 5 - Closed Lost,27000,0,Omitted,2026-06-05,2026-01-16,2026-04-30,2026-05-04,,,In-house build,Marketing,No executive sponsor identified
DL-4075,ACC-1056,USR-3010,Ridgeline Data - Renewal,Renewal,Stage 5 - Closed Won,57000,100,Closed,2026-05-19,2026-01-16,2026-05-12,2026-05-19,,,In-house build,Inbound,Executive sponsor championed the rollout
DL-4076,ACC-1057,USR-3011,Foxglove Labs - New Logo,New Logo,Stage 5 - Closed Won,404000,100,Closed,2026-06-08,2026-01-20,2026-05-20,2026-05-31,,,Incumbent CRM,Inbound,Forecast accuracy proof-of-value landed
DL-4077,ACC-1058,USR-3012,Harborview Energy - Renewal,Renewal,Stage 5 - Closed Won,24000,100,Closed,2026-06-11,2026-01-11,2026-05-02,2026-05-09,,,Gong,Inbound,Forecast accuracy proof-of-value landed
DL-4078,ACC-1059,USR-3013,Stonebridge Bank - New Logo,New Logo,Stage 5 - Closed Won,43000,100,Closed,2026-03-16,2026-01-16,2026-02-17,2026-02-27,,,,Expansion,Forecast accuracy proof-of-value landed
DL-4079,ACC-1060,USR-3001,Wavelength Media - New Logo,New Logo,Stage 5 - Closed Lost,504000,0,Omitted,2026-04-12,2026-01-09,2026-03-11,2026-04-03,,,Clari,Outbound,Champion left mid-cycle
DL-4080,ACC-1001,USR-3002,Apex Logistics - New Logo,New Logo,Stage 5 - Closed Won,31000,100,Closed,2026-03-18,2026-01-23,2026-03-04,2026-03-22,,,People.ai,Expansion,Forecast accuracy proof-of-value landed
DL-4081,ACC-1002,USR-3011,Vortex Analytics - New Logo,New Logo,Stage 5 - Closed Won,132000,100,Closed,2026-03-20,2026-01-10,2026-02-28,2026-03-10,,,Clari,Marketing,Signal-to-action workflow beat incumbent
DL-4082,ACC-1003,USR-3006,CloudScale Systems - New Logo,New Logo,Stage 5 - Closed Lost,319000,0,Omitted,2026-05-12,2026-01-03,2026-04-18,2026-04-22,,,Clari,Inbound,No executive sponsor identified
DL-4083,ACC-1004,USR-3007,BioHealth Labs - Upsell,Upsell,Stage 5 - Closed Won,61000,100,Closed,2026-05-16,2026-01-12,2026-05-08,2026-05-12,,,People.ai,Partner,Consolidated three point tools
DL-4084,ACC-1005,USR-3009,OmniRetail Group - New Logo,New Logo,Stage 5 - Closed Lost,557000,0,Omitted,2026-04-14,2026-01-19,2026-04-06,2026-04-29,,,People.ai,Inbound,Lost to incumbent CRM add-on
DL-4085,ACC-1006,USR-3010,CyberGuard Networks - Upsell,Upsell,Stage 5 - Closed Lost,50000,0,Omitted,2026-05-27,2026-02-25,2026-05-22,2026-06-14,,,In-house build,Outbound,Budget frozen for the fiscal year
DL-4086,ACC-1007,USR-3011,DataPulse AI - Renewal,Renewal,Stage 5 - Closed Won,411000,100,Closed,2026-06-17,2026-02-21,2026-05-29,2026-06-18,,,Clari,Marketing,Forecast accuracy proof-of-value landed
DL-4087,ACC-1008,USR-3006,Nexus Financial - New Logo,New Logo,Stage 5 - Closed Won,105000,100,Closed,2026-07-15,2026-02-14,2026-06-11,2026-06-27,,,People.ai,Inbound,Executive sponsor championed the rollout
DL-4088,ACC-1009,USR-3005,Strata Energy - New Logo,New Logo,Stage 5 - Closed Won,102000,100,Closed,2026-04-22,2026-02-15,2026-04-06,2026-04-24,,,Gong,Expansion,Executive sponsor championed the rollout
DL-4089,ACC-1010,USR-3006,Fintech Dynamics - Upsell,Upsell,Stage 5 - Closed Won,16000,100,Closed,2026-05-17,2026-02-28,2026-05-04,2026-05-17,,,People.ai,Marketing,Fastest time to value in evaluation
DL-4090,ACC-1011,USR-3002,Quantum Edge - Renewal,Renewal,Stage 5 - Closed Won,178000,100,Closed,2026-05-22,2026-02-13,2026-04-29,2026-05-22,,,,Expansion,Fastest time to value in evaluation
DL-4091,ACC-1012,USR-3005,Synergy Media - Upsell,Upsell,Stage 5 - Closed Won,156000,100,Closed,2026-03-31,2026-02-10,2026-02-26,2026-03-03,,,Incumbent CRM,Expansion,Consolidated three point tools
DL-4092,ACC-1013,USR-3006,Astra Manufacturing - New Logo,New Logo,Stage 5 - Closed Won,435000,100,Closed,2026-04-21,2026-02-12,2026-04-07,2026-04-11,,,Gong,Inbound,Forecast accuracy proof-of-value landed
DL-4093,ACC-1014,USR-3007,Velocity Cloud - Upsell,Upsell,Stage 5 - Closed Won,616000,100,Closed,2026-07-03,2026-02-15,2026-06-05,2026-06-22,,,Clari,Partner,Signal-to-action workflow beat incumbent
DL-4094,ACC-1015,USR-3009,Horizon Ventures - Upsell,Upsell,Stage 5 - Closed Lost,589000,0,Omitted,2026-07-13,2026-02-09,2026-06-20,2026-07-05,,,Clari,Outbound,No executive sponsor identified
DL-4095,ACC-1016,USR-3010,Pinnacle Software - New Logo,New Logo,Stage 5 - Closed Won,337000,100,Closed,2026-05-05,2026-02-09,2026-04-02,2026-04-25,,,People.ai,Marketing,Forecast accuracy proof-of-value landed
DL-4096,ACC-1017,USR-3011,Aether Digital - New Logo,New Logo,Stage 5 - Closed Won,165000,100,Closed,2026-07-03,2026-02-05,2026-05-25,2026-06-02,,,In-house build,Outbound,Fastest time to value in evaluation
DL-4097,ACC-1018,USR-3012,Lumina Health - New Logo,New Logo,Stage 5 - Closed Won,132000,100,Closed,2026-05-04,2026-02-02,2026-04-18,2026-04-28,,,Gong,Expansion,Consolidated three point tools
DL-4098,ACC-1019,USR-3005,Crest Solutions - New Logo,New Logo,Stage 5 - Closed Won,216000,100,Closed,2026-04-18,2026-02-19,2026-04-14,2026-04-15,,,Clari,Outbound,Executive sponsor championed the rollout
DL-4099,ACC-1020,USR-3001,Trident Corp - Upsell,Upsell,Stage 2 - Qualification,327000,30,Pipeline,2027-01-08,2026-03-28,2026-07-09,2026-07-27,Run technical validation workshop,2026-08-25,Gong,Inbound,
DL-4100,ACC-1021,USR-3005,Beacon Utilities - New Logo,New Logo,Stage 1 - Discovery,61000,15,Pipeline,2026-08-15,2026-03-08,2026-07-12,2026-07-20,Send mutual action plan,2026-09-01,People.ai,Inbound,
DL-4101,ACC-1022,USR-3005,Core Networks - New Logo,New Logo,Stage 5 - Closed Lost,146000,0,Omitted,2026-06-21,2026-03-14,2026-06-04,2026-06-07,,,Incumbent CRM,Inbound,Lost to incumbent CRM add-on
DL-4102,ACC-1023,USR-3012,Echelon Labs - Renewal,Renewal,Stage 5 - Closed Lost,98000,0,Omitted,2026-08-01,2026-03-23,2026-07-21,2026-08-06,,,,Expansion,No executive sponsor identified
DL-4103,ACC-1024,USR-3007,Zenith Retail - New Logo,New Logo,Stage 5 - Closed Won,175000,100,Closed,2026-05-07,2026-03-15,2026-04-13,2026-04-30,,,Gong,Inbound,Executive sponsor championed the rollout
DL-4104,ACC-1025,USR-3012,Kinetix Robotics - New Logo,New Logo,Stage 5 - Closed Won,49000,100,Closed,2026-06-07,2026-03-04,2026-05-15,2026-05-20,,,People.ai,Outbound,Forecast accuracy proof-of-value landed
DL-4105,ACC-1026,USR-3010,Optima Insurance - New Logo,New Logo,Stage 3 - Evaluation,51000,55,Best Case,2026-08-22,2026-03-06,2026-06-27,2026-07-08,Run technical validation workshop,2026-08-24,People.ai,Inbound,
DL-4106,ACC-1027,USR-3011,Veritas Data - Upsell,Upsell,Stage 5 - Closed Won,23000,100,Closed,2026-04-19,2026-03-01,2026-03-15,2026-03-31,,,In-house build,Marketing,Forecast accuracy proof-of-value landed
DL-4107,ACC-1028,USR-3012,Vanguard Payments - Renewal,Renewal,Stage 5 - Closed Won,106000,100,Closed,2026-05-25,2026-03-23,2026-04-16,2026-05-05,,,People.ai,Inbound,Consolidated three point tools
DL-4108,ACC-1029,USR-3013,Solstice Energy - Renewal,Renewal,Stage 5 - Closed Won,165000,100,Closed,2026-06-13,2026-03-05,2026-05-25,2026-06-06,,,Clari,Partner,Consolidated three point tools
DL-4109,ACC-1030,USR-3001,Infini Telecom - New Logo,New Logo,Stage 5 - Closed Won,69000,100,Closed,2026-07-04,2026-03-14,2026-05-29,2026-06-16,,,Gong,Marketing,Consolidated three point tools
DL-4110,ACC-1031,USR-3002,Pulse Diagnostics - Upsell,Upsell,Stage 5 - Closed Lost,248000,0,Omitted,2026-07-29,2026-03-26,2026-07-18,2026-08-12,,,In-house build,Marketing,Budget frozen for the fiscal year
DL-4111,ACC-1032,USR-3005,Titan Industrial - New Logo,New Logo,Stage 5 - Closed Lost,49000,0,Omitted,2026-05-19,2026-03-18,2026-04-18,2026-04-25,,,Clari,Marketing,Lost to incumbent CRM add-on
DL-4112,ACC-1033,USR-3006,Prism Analytics - New Logo,New Logo,Stage 5 - Closed Won,420000,100,Closed,2026-04-23,2026-03-08,2026-04-13,2026-04-21,,,,Expansion,Forecast accuracy proof-of-value landed
DL-4113,ACC-1034,USR-3007,Cobalt Mining - New Logo,New Logo,Stage 5 - Closed Won,53000,100,Closed,2026-06-04,2026-04-05,2026-05-16,2026-05-19,,,Clari,Inbound,Signal-to-action workflow beat incumbent
DL-4114,ACC-1035,USR-3009,Sentry Security - New Logo,New Logo,Stage 5 - Closed Won,21000,100,Closed,2026-07-15,2026-04-02,2026-06-10,2026-06-26,,,Gong,Inbound,Forecast accuracy proof-of-value landed
DL-4115,ACC-1036,USR-3010,Helios Power - New Logo,New Logo,Stage 5 - Closed Lost,48000,0,Omitted,2026-06-15,2026-04-13,2026-06-02,2026-06-09,,,In-house build,Marketing,Budget frozen for the fiscal year
DL-4116,ACC-1037,USR-3007,Fortress Bank - Upsell,Upsell,Stage 2 - Qualification,94000,30,Pipeline,2026-10-18,2026-04-05,2026-07-01,2026-07-03,Run technical validation workshop,2026-08-26,Clari,Marketing,
DL-4117,ACC-1038,USR-3012,Clarity Health - New Logo,New Logo,Stage 5 - Closed Won,40000,100,Closed,2026-07-04,2026-04-13,2026-06-20,2026-07-02,,,,Marketing,Consolidated three point tools
DL-4118,ACC-1039,USR-3013,Nouveau Retail - New Logo,New Logo,Stage 1 - Discovery,45000,15,Pipeline,2026-12-02,2026-04-11,2026-07-18,2026-07-26,Send mutual action plan,2026-09-02,Clari,Partner,
DL-4119,ACC-1040,USR-3001,Orion Aerospace - New Logo,New Logo,Stage 5 - Closed Won,446000,100,Closed,2026-06-07,2026-04-23,2026-06-03,2026-06-05,,,People.ai,Partner,Executive sponsor championed the rollout
DL-4120,ACC-1041,USR-3002,Hyperion Cloud - Upsell,Upsell,Stage 5 - Closed Won,178000,100,Closed,2026-08-11,2026-04-05,2026-07-27,2026-08-13,,,People.ai,Marketing,Consolidated three point tools
DL-4121,ACC-1042,USR-3010,Astral Media - New Logo,New Logo,Stage 5 - Closed Won,93000,100,Closed,2026-07-15,2026-04-20,2026-06-09,2026-06-15,,,,Outbound,Executive sponsor championed the rollout
DL-4122,ACC-1043,USR-3006,Summit Financial - Renewal,Renewal,Stage 4 - Proposal,425000,75,Commit,2027-01-10,2026-04-13,2026-08-11,2026-08-13,Confirm security review timeline,2026-08-25,Clari,Partner,
DL-4123,ACC-1044,USR-3007,Vector Biotech - Upsell,Upsell,Stage 3 - Evaluation,263000,55,Best Case,2026-12-30,2026-04-22,2026-08-12,2026-08-13,Send mutual action plan,2026-08-31,In-house build,Marketing,
DL-4124,ACC-1045,USR-3007,Eclipse Systems - New Logo,New Logo,Stage 3 - Evaluation,79000,55,Best Case,2026-09-05,2026-04-05,2026-07-03,2026-07-07,Get procurement paperwork started,2026-09-02,Clari,Partner,
DL-4125,ACC-1046,USR-3013,Matrix Logistics - Renewal,Renewal,Stage 5 - Closed Won,92000,100,Closed,2026-08-13,2026-04-15,2026-08-04,2026-08-06,,,In-house build,Inbound,Forecast accuracy proof-of-value landed
DL-4126,ACC-1047,USR-3011,Northwind Foods - Upsell,Upsell,Stage 5 - Closed Lost,582000,0,Omitted,2026-07-19,2026-04-11,2026-06-24,2026-07-07,,,Gong,Partner,Champion left mid-cycle
DL-4127,ACC-1048,USR-3012,Ironclad Insurance - Renewal,Renewal,Stage 5 - Closed Won,152000,100,Closed,2026-08-13,2026-05-23,2026-07-24,2026-08-03,,,In-house build,Marketing,Fastest time to value in evaluation
DL-4128,ACC-1049,USR-3013,Silverline Telecom - New Logo,New Logo,Stage 5 - Closed Won,44000,100,Closed,2026-08-13,2026-05-21,2026-07-20,2026-07-31,,,Clari,Marketing,Signal-to-action workflow beat incumbent
DL-4129,ACC-1050,USR-3001,Redwood Capital - New Logo,New Logo,Stage 4 - Proposal,239000,75,Commit,2026-09-27,2026-05-12,2026-06-26,2026-06-28,Deliver ROI model to finance,2026-08-30,In-house build,Marketing,
DL-4130,ACC-1051,USR-3002,Bluepeak Software - New Logo,New Logo,Stage 5 - Closed Won,49000,100,Closed,2026-08-13,2026-05-05,2026-07-04,2026-07-14,,,In-house build,Partner,Consolidated three point tools
DL-4131,ACC-1052,USR-3005,Granite Utilities - New Logo,New Logo,Stage 5 - Closed Won,608000,100,Closed,2026-07-17,2026-05-15,2026-06-10,2026-06-16,,,People.ai,Outbound,Forecast accuracy proof-of-value landed
DL-4132,ACC-1053,USR-3002,Meridian Health - Upsell,Upsell,Stage 5 - Closed Won,67000,100,Closed,2026-08-13,2026-05-20,2026-07-17,2026-07-27,,,,Inbound,Signal-to-action workflow beat incumbent
DL-4133,ACC-1054,USR-3007,Copperfield Retail - New Logo,New Logo,Stage 5 - Closed Lost,88000,0,Omitted,2026-08-07,2026-05-07,2026-07-26,2026-07-30,,,Gong,Inbound,Lost to incumbent CRM add-on
DL-4134,ACC-1055,USR-3009,Lakeshore Manufacturing - New Logo,New Logo,Stage 3 - Evaluation,24000,55,Best Case,2026-09-28,2026-05-27,2026-07-07,2026-07-12,Deliver ROI model to finance,2026-08-12,Incumbent CRM,Outbound,
DL-4135,ACC-1056,USR-3013,Ridgeline Data - Renewal,Renewal,Stage 5 - Closed Lost,47000,0,Omitted,2026-08-13,2026-05-11,2026-07-21,2026-07-30,,,In-house build,Inbound,Lost to incumbent CRM add-on
DL-4136,ACC-1057,USR-3006,Foxglove Labs - New Logo,New Logo,Stage 3 - Evaluation,587000,55,Best Case,2026-09-07,2026-05-15,2026-07-10,2026-07-29,Deliver ROI model to finance,2026-08-30,People.ai,Marketing,
DL-4137,ACC-1058,USR-3012,Harborview Energy - Renewal,Renewal,Stage 5 - Closed Won,34000,100,Closed,2026-08-07,2026-05-03,2026-07-21,2026-08-13,,,Incumbent CRM,Marketing,Consolidated three point tools
DL-4138,ACC-1059,USR-3013,Stonebridge Bank - Renewal,Renewal,Stage 4 - Proposal,44000,75,Commit,2026-12-09,2026-05-15,2026-06-20,2026-07-09,Run technical validation workshop,2026-08-28,,Marketing,
DL-4139,ACC-1060,USR-3001,Wavelength Media - New Logo,New Logo,Stage 5 - Closed Lost,246000,0,Omitted,2026-08-13,2026-05-01,2026-08-08,2026-08-13,,,Incumbent CRM,Partner,Deprioritized after reorg
DL-4140,ACC-1001,USR-3002,Apex Logistics - New Logo,New Logo,Stage 2 - Qualification,59000,30,Pipeline,2026-09-26,2026-05-06,2026-07-11,2026-07-29,Run technical validation workshop,2026-08-31,Gong,Marketing,
DL-4141,ACC-1002,USR-3013,Vortex Analytics - New Logo,New Logo,Stage 3 - Evaluation,148000,55,Best Case,2026-12-12,2026-06-20,2026-07-19,2026-07-28,Deliver ROI model to finance,2026-08-26,People.ai,Marketing,
DL-4142,ACC-1003,USR-3006,CloudScale Systems - New Logo,New Logo,Stage 1 - Discovery,213000,15,Pipeline,2026-11-01,2026-06-17,2026-06-21,2026-06-27,Deliver ROI model to finance,2026-08-09,In-house build,Expansion,
DL-4143,ACC-1004,USR-3011,BioHealth Labs - Upsell,Upsell,Stage 1 - Discovery,106000,15,Pipeline,2026-08-12,2026-06-25,2026-07-14,2026-08-04,Circulate pilot success criteria,2026-08-31,In-house build,Inbound,
DL-4144,ACC-1005,USR-3009,OmniRetail Group - Upsell,Upsell,Stage 1 - Discovery,202000,15,Pipeline,2026-12-18,2026-06-14,2026-06-21,2026-06-27,Circulate pilot success criteria,2026-08-15,,Outbound,
DL-4145,ACC-1006,USR-3010,CyberGuard Networks - Renewal,Renewal,Stage 3 - Evaluation,28000,55,Best Case,2026-08-19,2026-06-13,2026-06-19,2026-06-26,Circulate pilot success criteria,2026-08-12,,Expansion,
DL-4146,ACC-1007,USR-3011,DataPulse AI - Renewal,Renewal,Stage 5 - Closed Lost,144000,0,Omitted,2026-07-21,2026-06-02,2026-06-30,2026-07-08,,,Incumbent CRM,Partner,Budget frozen for the fiscal year
DL-4147,ACC-1008,USR-3012,Nexus Financial - Renewal,Renewal,Stage 1 - Discovery,114000,15,Pipeline,2026-09-15,2026-06-16,2026-07-05,2026-07-23,Schedule executive alignment call,2026-08-07,In-house build,Partner,
DL-4148,ACC-1009,USR-3013,Strata Energy - Upsell,Upsell,Stage 1 - Discovery,113000,15,Pipeline,2026-08-29,2026-06-26,2026-08-02,2026-08-13,Get procurement paperwork started,2026-08-20,,Expansion,
DL-4149,ACC-1010,USR-3001,Fintech Dynamics - Upsell,Upsell,Stage 1 - Discovery,34000,15,Pipeline,2026-11-27,2026-06-24,2026-08-05,2026-08-13,Run technical validation workshop,2026-08-21,,Outbound,
DL-4150,ACC-1011,USR-3002,Quantum Edge - Renewal,Renewal,Stage 5 - Closed Won,124000,100,Closed,2026-08-13,2026-06-05,2026-07-04,2026-07-06,,,,Inbound,Forecast accuracy proof-of-value landed
DL-4151,ACC-1012,USR-3005,Synergy Media - Renewal,Renewal,Stage 2 - Qualification,66000,30,Pipeline,2026-12-19,2026-06-16,2026-07-19,2026-07-23,Circulate pilot success criteria,2026-08-11,Clari,Expansion,
DL-4152,ACC-1013,USR-3005,Astra Manufacturing - New Logo,New Logo,Stage 5 - Closed Won,185000,100,Closed,2026-08-13,2026-06-09,2026-08-10,2026-08-13,,,People.ai,Partner,Fastest time to value in evaluation
DL-4153,ACC-1014,USR-3007,Velocity Cloud - Renewal,Renewal,Stage 1 - Discovery,493000,15,Pipeline,2026-08-05,2026-06-27,2026-07-09,2026-07-23,Get procurement paperwork started,2026-09-03,Incumbent CRM,Expansion,
DL-4154,ACC-1015,USR-3009,Horizon Ventures - New Logo,New Logo,Stage 3 - Evaluation,581000,55,Best Case,2026-08-28,2026-06-15,2026-07-26,2026-08-13,Get procurement paperwork started,2026-08-10,Gong,Marketing,
DL-4155,ACC-1016,USR-3010,Pinnacle Software - New Logo,New Logo,Stage 1 - Discovery,591000,15,Pipeline,2026-08-10,2026-07-22,2026-07-14,2026-07-27,Get procurement paperwork started,2026-08-25,People.ai,Expansion,
DL-4156,ACC-1017,USR-3011,Aether Digital - New Logo,New Logo,Stage 4 - Proposal,175000,75,Commit,2026-11-13,2026-07-25,2026-08-01,2026-08-02,Schedule executive alignment call,2026-09-03,Clari,Outbound,
DL-4157,ACC-1018,USR-3012,Lumina Health - Renewal,Renewal,Stage 2 - Qualification,87000,30,Pipeline,2026-12-03,2026-07-22,2026-07-01,2026-07-09,Run technical validation workshop,2026-08-08,Incumbent CRM,Inbound,
DL-4158,ACC-1019,USR-3013,Crest Solutions - New Logo,New Logo,Stage 1 - Discovery,277000,15,Pipeline,2026-12-10,2026-07-06,2026-07-01,2026-07-09,Deliver ROI model to finance,2026-09-01,Incumbent CRM,Expansion,
DL-4159,ACC-1020,USR-3011,Trident Corp - New Logo,New Logo,Stage 3 - Evaluation,178000,55,Best Case,2026-09-18,2026-07-19,2026-08-08,2026-08-12,Get procurement paperwork started,2026-09-02,People.ai,Marketing,
DL-4160,ACC-1021,USR-3002,Beacon Utilities - Renewal,Renewal,Stage 1 - Discovery,74000,15,Pipeline,2026-10-14,2026-07-28,2026-07-19,2026-07-26,Run technical validation workshop,2026-08-23,In-house build,Expansion,
DL-4161,ACC-1022,USR-3001,Core Networks - New Logo,New Logo,Stage 2 - Qualification,154000,30,Pipeline,2026-10-07,2026-07-01,2026-07-22,2026-07-27,Get procurement paperwork started,2026-08-08,Clari,Outbound,
DL-4162,ACC-1023,USR-3006,Echelon Labs - New Logo,New Logo,Stage 1 - Discovery,69000,15,Pipeline,2026-09-10,2026-07-03,2026-06-28,2026-07-22,Send mutual action plan,2026-08-25,Clari,Partner,
DL-4163,ACC-1024,USR-3007,Zenith Retail - New Logo,New Logo,Stage 1 - Discovery,177000,15,Pipeline,2027-01-06,2026-07-13,2026-07-06,2026-07-12,Send mutual action plan,2026-08-14,Incumbent CRM,Marketing,
DL-4164,ACC-1025,USR-3009,Kinetix Robotics - New Logo,New Logo,Stage 3 - Evaluation,36000,55,Best Case,2026-10-10,2026-07-11,2026-07-05,2026-07-09,Schedule executive alignment call,2026-08-12,Incumbent CRM,Marketing,
DL-4165,ACC-1026,USR-3010,Optima Insurance - New Logo,New Logo,Stage 2 - Qualification,31000,30,Pipeline,2026-11-01,2026-07-03,2026-06-19,2026-07-09,Send mutual action plan,2026-08-24,Incumbent CRM,Expansion,
DL-4166,ACC-1027,USR-3001,Veritas Data - Renewal,Renewal,Stage 1 - Discovery,48000,15,Pipeline,2026-08-07,2026-07-12,2026-08-04,2026-08-06,Circulate pilot success criteria,2026-08-16,,Inbound,
DL-4167,ACC-1028,USR-3012,Vanguard Payments - New Logo,New Logo,Stage 1 - Discovery,111000,15,Pipeline,2026-08-24,2026-07-24,2026-07-07,2026-07-14,Circulate pilot success criteria,2026-08-30,Incumbent CRM,Inbound,
DL-4168,ACC-1029,USR-3006,Solstice Energy - Renewal,Renewal,Stage 1 - Discovery,49000,15,Pipeline,2026-11-01,2026-07-02,2026-06-29,2026-07-08,Circulate pilot success criteria,2026-08-28,Incumbent CRM,Expansion,
DL-4169,ACC-1030,USR-3001,Infini Telecom - New Logo,New Logo,Stage 3 - Evaluation,78000,55,Best Case,2026-10-10,2026-08-13,2026-08-10,2026-08-13,Confirm security review timeline,2026-08-19,,Expansion,
DL-4170,ACC-1031,USR-3007,Pulse Diagnostics - Upsell,Upsell,Stage 1 - Discovery,517000,15,Pipeline,2026-11-06,2026-08-13,2026-08-07,2026-08-13,Confirm security review timeline,2026-08-30,Clari,Marketing,
DL-4171,ACC-1032,USR-3005,Titan Industrial - Upsell,Upsell,Stage 2 - Qualification,183000,30,Pipeline,2026-11-24,2026-08-08,2026-07-14,2026-07-19,Send mutual action plan,2026-08-23,In-house build,Partner,
DL-4172,ACC-1033,USR-3006,Prism Analytics - Upsell,Upsell,Stage 4 - Proposal,521000,75,Commit,2026-12-12,2026-08-06,2026-07-18,2026-07-21,Circulate pilot success criteria,2026-08-16,Clari,Inbound,
DL-4173,ACC-1034,USR-3007,Cobalt Mining - New Logo,New Logo,Stage 4 - Proposal,36000,75,Commit,2026-12-02,2026-08-02,2026-07-30,2026-08-13,Run technical validation workshop,2026-08-15,People.ai,Expansion,
DL-4174,ACC-1035,USR-3009,Sentry Security - New Logo,New Logo,Stage 1 - Discovery,16000,15,Pipeline,2026-08-28,2026-08-08,2026-06-24,2026-07-16,Circulate pilot success criteria,2026-08-11,Clari,Partner,
DL-4175,ACC-1036,USR-3009,Helios Power - New Logo,New Logo,Stage 4 - Proposal,126000,75,Commit,2026-10-08,2026-08-08,2026-07-17,2026-07-23,Send mutual action plan,2026-08-16,Incumbent CRM,Marketing,
DL-4176,ACC-1037,USR-3011,Fortress Bank - Renewal,Renewal,Stage 2 - Qualification,111000,30,Pipeline,2026-09-04,2026-08-11,2026-08-05,2026-08-13,Circulate pilot success criteria,2026-08-12,Incumbent CRM,Inbound,
DL-4177,ACC-1038,USR-3006,Clarity Health - New Logo,New Logo,Stage 1 - Discovery,28000,15,Pipeline,2026-11-22,2026-08-08,2026-07-31,2026-08-08,Circulate pilot success criteria,2026-08-19,People.ai,Inbound,
DL-4178,ACC-1039,USR-3013,Nouveau Retail - Renewal,Renewal,Stage 1 - Discovery,43000,15,Pipeline,2026-10-05,2026-08-09,2026-08-02,2026-08-13,Deliver ROI model to finance,2026-08-24,,Marketing,
DL-4179,ACC-1040,USR-3001,Orion Aerospace - Renewal,Renewal,Stage 2 - Qualification,176000,30,Pipeline,2026-12-12,2026-08-09,2026-07-24,2026-07-25,Schedule executive alignment call,2026-08-26,Gong,Marketing,
DL-4180,ACC-1041,USR-3002,Hyperion Cloud - Upsell,Upsell,Stage 4 - Proposal,72000,75,Commit,2026-11-24,2026-08-09,2026-06-19,2026-07-06,Deliver ROI model to finance,2026-08-30,Gong,Partner,
DL-4181,ACC-1042,USR-3005,Astral Media - Upsell,Upsell,Stage 1 - Discovery,170000,15,Pipeline,2026-08-05,2026-08-12,2026-07-15,2026-07-16,Deliver ROI model to finance,2026-08-11,Clari,Outbound,
DL-4182,ACC-1043,USR-3011,Summit Financial - Upsell,Upsell,Stage 4 - Proposal,236000,75,Commit,2026-09-01,2026-08-12,2026-07-16,2026-08-08,Send mutual action plan,2026-08-25,Gong,Outbound,
DL-9001,ACC-1002,USR-3002,Vortex Analytics - Renewal + Expand,Renewal,Stage 4 - Proposal,268000,60,Commit,2026-08-31,2026-05-09,2026-07-17,2026-08-04,Resolve procurement concern and confirm renewal timeline,2026-08-13,Clari,Expansion,
DL-9002,ACC-1001,USR-3002,Apex Logistics - Platform Expansion,Upsell,Stage 3 - Evaluation,145000,55,Best Case,2026-09-23,2026-06-20,2026-08-01,2026-08-11,Run technical validation workshop with the data team,2026-08-17,In-house build,Expansion,
DL-9003,ACC-1011,USR-3002,Quantum Edge - New Logo,New Logo,Stage 4 - Proposal,312000,75,Commit,2026-08-22,2026-04-03,2026-06-26,2026-07-23,Chase the signed order form,2026-08-10,Gong,Outbound,
